idx,filename,pair,pearson,spearman,iou_top20
1,2009_Biometrika_Silicone_73_6_1.tif,gradcam_lime,-0.13082441687583923,-0.0010705752435476426,0.25662849794868653
1,2009_Biometrika_Silicone_73_6_1.tif,gradcam_shap,0.15807756781578064,0.13261935191602398,0.17133520074696545
1,2009_Biometrika_Silicone_73_6_1.tif,lime_shap,0.02114848606288433,0.06701931638291726,0.12764437606461893
2,2015_CrossMatch_6517898_R3_1.bmp,gradcam_lime,-0.0023378583136945963,-0.06495892006954895,0.10182739474960918
2,2015_CrossMatch_6517898_R3_1.bmp,gradcam_shap,0.42926037311553955,0.3596030860853528,0.38916187971485916
2,2015_CrossMatch_6517898_R3_1.bmp,lime_shap,-0.05957161635160446,-0.06253928049104267,0.0660825118656444
3,2013_Italdata_Modasil_004.2TrrLrngItd.png,gradcam_lime,0.49051836133003235,0.2932771199468869,0.2515805537388271
3,2013_Italdata_Modasil_004.2TrrLrngItd.png,gradcam_shap,0.0908207818865776,0.05987457315011869,0.12954417557681486
3,2013_Italdata_Modasil_004.2TrrLrngItd.png,lime_shap,0.027022000402212143,-0.02178885523980115,0.11238132144933152
4,2011_Digital_8353861_2_20110310185054_R1_1_FG04_01_Li.bmp,gradcam_lime,0.2766091823577881,0.27363220669211363,0.19979986657771848
4,2011_Digital_8353861_2_20110310185054_R1_1_FG04_01_Li.bmp,gradcam_shap,0.16019266843795776,0.22477046785796076,0.16860735910572894
4,2011_Digital_8353861_2_20110310185054_R1_1_FG04_01_Li.bmp,lime_shap,-0.09465086460113525,-0.05046247509674439,0.06735905044510386
5,2011_Sagem_Playdoh_7836431_20110331170710_R1_5_FG08_01_01.bmp,gradcam_lime,-0.006798192858695984,-0.04906741576341839,0.12674795838460678
5,2011_Sagem_Playdoh_7836431_20110331170710_R1_5_FG08_01_01.bmp,gradcam_shap,0.27911046147346497,0.3551478512683889,0.22047914386476955
5,2011_Sagem_Playdoh_7836431_20110331170710_R1_5_FG08_01_01.bmp,lime_shap,-0.02933851256966591,-0.049843751713594245,0.12599217439910565
6,2011_Italdata_14_4.png,gradcam_lime,0.347819060087204,0.24406995938758055,0.27297464440321584
6,2011_Italdata_14_4.png,gradcam_shap,0.4043850004673004,0.3429763307034827,0.2780643107290672
6,2011_Italdata_14_4.png,lime_shap,0.34483903646469116,0.12454108569805541,0.1877668782458165
7,2015_CrossMatch_OOMOO_7044863_R2_3.bmp,gradcam_lime,0.1735035628080368,0.19306064002923412,0.21745945620063906
7,2015_CrossMatch_OOMOO_7044863_R2_3.bmp,gradcam_shap,0.37300872802734375,0.19604194662254965,0.25191791929146135
7,2015_CrossMatch_OOMOO_7044863_R2_3.bmp,lime_shap,-0.025222744792699814,-0.02602844978353793,0.1135987647512959
8,2015_GreenBit_020_0_9.png,gradcam_lime,0.04612792283296585,0.06013931837444313,0.14346749526630093
8,2015_GreenBit_020_0_9.png,gradcam_shap,0.01446470245718956,0.05110570383641514,0.11054553502268452
8,2015_GreenBit_020_0_9.png,lime_shap,-0.04330083727836609,-0.02434687640156323,0.12683603655327497
9,2015_GreenBit_030_1_9.png,gradcam_lime,0.2604886293411255,0.2136778985394524,0.24548228115465853
9,2015_GreenBit_030_1_9.png,gradcam_shap,0.3219391405582428,0.2770005266638656,0.23801887374329242
9,2015_GreenBit_030_1_9.png,lime_shap,0.10116790235042572,0.08062591396423181,0.16579713328573784
10,2015_Hi_Scan_RTV_004_1_5.bmp,gradcam_lime,0.3799818158149719,0.2223218115553377,0.2853360232001009
10,2015_Hi_Scan_RTV_004_1_5.bmp,gradcam_shap,0.1504853367805481,0.04337457762753728,0.1418169406678423
10,2015_Hi_Scan_RTV_004_1_5.bmp,lime_shap,0.10910677909851074,0.06154183430823991,0.17354515627698153
