model,pair,n,constant_maps,pearson_mean,pearson_sd,pearson_ci95_low,pearson_ci95_high,iou_top20_mean,iou_top20_sd,iou_top20_ci95_low,iou_top20_ci95_high
ResNet50,gradcam_shap,52,0,0.15663083957490295,0.10023651965063152,0.14297607722222055,0.16955654975082815,0.1825199983421051,0.05281993025821711,0.17500589432241528,0.19024259286611353
ResNet50,gradcam_lime,52,0,0.2788627680677634,0.21564086029445195,0.2404968984854909,0.31598977807264483,0.25355606366298683,0.13870599745201928,0.2320069080119624,0.27447098252117924
ResNet50,shap_lime,52,0,0.0797321488095734,0.11133033347167412,0.05867728400850095,0.09977197183202055,0.15070517770856667,0.04421990960043171,0.14307764001034504,0.1579791620629175
ResNet50 + CBAM,gradcam_shap,52,0,0.21754866188544278,0.10247792737746313,0.2025793911929493,0.23263960173706155,0.209447422592198,0.058109584111555486,0.20089689779218553,0.21818949607711546
ResNet50 + CBAM,gradcam_lime,52,0,0.394678908185317,0.21076057618317573,0.35946519011631606,0.42863783224199253,0.28851394735906016,0.13167497241398227,0.26936337689994067,0.3079027453471829
ResNet50 + CBAM,shap_lime,52,0,0.1900389720327579,0.10698382397386622,0.17248549535557126,0.20726671117366866,0.20265910027190706,0.058282518596274924,0.1927408799747908,0.21242183100982254
MobileNetV3-Large,gradcam_shap,52,0,0.17073551980921856,0.11391983436231783,0.15646070397029127,0.18529701230044546,0.17033816519171985,0.047981952176474676,0.16429549676886307,0.17646496576003948
MobileNetV3-Large,gradcam_lime,52,0,0.33466390878535235,0.21780843638634326,0.2879720548937957,0.38366391568337205,0.270205025126004,0.12625102779058167,0.2447731053660377,0.2949717740319544
MobileNetV3-Large,shap_lime,52,0,0.06144241452252922,0.0994668247985285,0.045988892532813436,0.07612748083998808,0.13777173942096943,0.04071461558081587,0.13190490905637497,0.1435341070093685
FSD-CBAM v1,gradcam_shap,52,0,0.10884870715045299,0.08611857729600127,0.09933952196969095,0.11832347773608769,0.15645740448366172,0.04350647457504057,0.15189834846138395,0.16100695130833098
FSD-CBAM v1,gradcam_lime,52,0,0.2748574953382978,0.24513990208664016,0.22910194821261728,0.32049608015132924,0.24426674954309194,0.15577215254073803,0.21574862863229627,0.27315392816855033
FSD-CBAM v1,shap_lime,52,0,0.07446849793912126,0.07447592239021474,0.06222256445505011,0.08705482523297316,0.14303720674072942,0.03817244282790348,0.13724221159391253,0.14868882670575173
FSD-CBAM v2,gradcam_shap,52,0,0.1670570683737214,0.11034253483324706,0.15182573007634625,0.18237922243559018,0.18475464718272855,0.055049800784428525,0.17826911192186184,0.1914847189753205
FSD-CBAM v2,gradcam_lime,52,0,0.18936548150108698,0.2581311414525012,0.14250698909051537,0.23665496181257856,0.21174147969203216,0.13064494854231717,0.18958913485786277,0.23404178255499458
FSD-CBAM v2,shap_lime,52,0,0.07611061299506289,0.10866197653109619,0.05572388993907505,0.09689457942507802,0.14205336996891893,0.04907273776702228,0.13361414175155717,0.15054836678046635
Mobile-FSD-CBAM v1,gradcam_shap,52,0,0.1757176369249534,0.11871145739219781,0.16195057413872116,0.18917283721071165,0.17940416635637566,0.05277556050577266,0.1727991503935289,0.18599219131537037
Mobile-FSD-CBAM v1,gradcam_lime,52,0,0.3609253178135707,0.256003430019981,0.3221076466644613,0.39894377903726236,0.296515491046977,0.14514090353294318,0.27677751448313415,0.31651024983480835
Mobile-FSD-CBAM v1,shap_lime,52,0,0.09366857141139917,0.10202322290047348,0.07664550222851596,0.11064400651974629,0.15260635274909856,0.045016885906713405,0.14541431920402956,0.16037360890794283
