model,method,n,actual_explainers,deletion_auc_mean,deletion_auc_sd,deletion_auc_ci95_low,deletion_auc_ci95_high,insertion_auc_mean,insertion_auc_sd,insertion_auc_ci95_low,insertion_auc_ci95_high,elapsed_ms_mean,elapsed_ms_sd,elapsed_ms_ci95_low,elapsed_ms_ci95_high
ResNet50,gradcam,52,"{""GradCAMPlusPlus"": 52}",0.5433156362082261,0.4036190860742066,0.5111724855325248,0.5777134138179651,0.8296390686650882,0.2344729146749212,0.7946724219932424,0.8639394287886419,50.314321153844226,7.3743995801134306,48.78031456638872,51.82142817250749
ResNet50,shap,52,"{""GradientExplainer"": 52}",0.6729154765137265,0.3092476387086679,0.6399009018976145,0.7055059060176714,0.6810746877998135,0.27716348070586483,0.6558524434136734,0.7058328152631658,2019.232084615886,37.25725739799964,2012.4658633182803,2025.8703041359556
ResNet50,lime,52,"{""LimeImageExplainer"": 52}",0.515152133430264,0.41459932321327964,0.4812337563493828,0.5498301433514741,0.666300721838141,0.34235832366595775,0.6206388162946791,0.7125100905723253,3288.078294229938,93.04877483632211,3274.49709600883,3301.1139158642154
ResNet50 + CBAM,gradcam,52,"{""GradCAMPlusPlus"": 52}",0.5049856450229065,0.37093422053912584,0.4657156040093526,0.5449241529524445,0.8330629935254505,0.22159921280114311,0.8028661514863207,0.8638916713187204,117.35952692414195,13.045279685043305,114.46574057778119,120.17407235603409
ResNet50 + CBAM,shap,52,"{""GradientExplainer"": 52}",0.5746992058212282,0.18866599086179103,0.5587204044134444,0.5904275041157669,0.7171730595990352,0.2651852598121726,0.6801888092419487,0.7553647627103166,3764.166396153786,143.22588551472256,3747.9557098087894,3781.2855362505265
ResNet50 + CBAM,lime,52,"{""LimeImageExplainer"": 52}",0.47161365893361373,0.4094846956700722,0.4380312082588159,0.5074693777130083,0.6975111707233942,0.3306339111787363,0.6489327245649693,0.7472624434120423,4347.666275001057,208.0214572825761,4324.867177116357,4370.976141395785
MobileNetV3-Large,gradcam,52,"{""GradCAMPlusPlus"": 52}",0.5619285724423922,0.25284579495320714,0.5239700572008471,0.5985406856327907,0.8877347381348807,0.17464648718281056,0.8578921302097634,0.9186863302023976,55.022836538577955,13.43745876604453,52.75861961665494,57.292306250082426
MobileNetV3-Large,shap,52,"{""GradientExplainer"": 52}",0.6558222840577993,0.1888812972277411,0.6247066712178816,0.6890876499546721,0.7213088858536504,0.2257127648892277,0.6867674847346182,0.7564237179033114,2131.827767307606,185.68482630668527,2100.756570143508,2162.0217294227377
MobileNetV3-Large,lime,52,"{""LimeImageExplainer"": 52}",0.5551897537658136,0.2901616956517824,0.5132703313544772,0.5985749987375707,0.8253264320718509,0.22716882281495288,0.7857749458744159,0.8684339639947957,3657.972619231049,394.66249519007806,3622.9834908658286,3692.5763851436805
FSD-CBAM v1,gradcam,52,"{""GradCAMPlusPlus"": 52}",0.5117732592433395,0.3959695322549687,0.46104845059719707,0.561352896427539,0.8316356827432771,0.23297752990580012,0.7882714035618746,0.8728903773142728,140.63243653939796,18.46144404501027,137.67578533711108,143.7732848565317
FSD-CBAM v1,shap,52,"{""GradientExplainer"": 52}",0.6480914225162131,0.3280429456647157,0.6074926331503318,0.6887557112252931,0.7205243177796521,0.2025599133590672,0.6984158946488799,0.7427212813760772,3928.4901673085046,335.38328860122385,3890.05313399103,3966.1513029345697
FSD-CBAM v1,lime,52,"{""LimeImageExplainer"": 52}",0.4964531561812049,0.40119148603174215,0.44937099880644044,0.543013804735269,0.6796610902110742,0.34085828346465374,0.6284684012999701,0.7316574314801852,5436.885930768767,376.4843647827797,5391.267194278638,5482.868970192045
FSD-CBAM v2,gradcam,52,"{""GradCAMPlusPlus"": 52}",0.505847099139064,0.3789647031614247,0.46031133940342306,0.5514705143145666,0.8003468685823363,0.2714113280278451,0.7571256863682355,0.8448007475584951,115.25858076940774,15.077650845844218,112.08818115449573,118.45021043206472
FSD-CBAM v2,shap,52,"{""GradientExplainer"": 52}",0.528966054274479,0.3107613822069178,0.4981623499382959,0.5608825410928361,0.5916943164361077,0.34813044420313943,0.5442675847014375,0.6406418902184234,3439.5338865366425,105.48322557835151,3421.8822400941326,3457.4565811040325
FSD-CBAM v2,lime,52,"{""LimeImageExplainer"": 52}",0.5175326427046604,0.34853144611950565,0.4817129157849392,0.5545776159189854,0.6848947712188846,0.33503787124445267,0.6325791605449643,0.7360980721855187,4948.940900000218,180.6268611138826,4920.9559918749555,4977.941949278514
Mobile-FSD-CBAM v1,gradcam,52,"{""GradCAMPlusPlus"": 52}",0.5300246991161097,0.2757111439056659,0.4952458365501572,0.5659488394594444,0.8676421980450912,0.19337186984193527,0.8384189860890411,0.8968117039227177,86.48953269221238,22.913679951303973,82.33320192246958,90.53067187501605
Mobile-FSD-CBAM v1,shap,52,"{""GradientExplainer"": 52}",0.5723513037857315,0.2977241270194542,0.541245514257395,0.6066649934425479,0.6687642392281659,0.26020847707020983,0.6255682411769291,0.7105898734823336,2766.3037826918858,112.66968269029707,2744.576919806647,2787.418774566938
Mobile-FSD-CBAM v1,lime,52,"{""LimeImageExplainer"": 52}",0.47826250577564244,0.4001800505804824,0.4418761614860643,0.5159499203605482,0.7663010625216093,0.27058669088500986,0.7284462231044341,0.8040285793221074,4364.617236538694,102.6253565096971,4347.9579187023355,4380.95670802875
