sample_id,file_path,filename,split_source,label,label_id,year,sensor,material,split,sha256
1,D:\Projects\University\Final year Resarch project\DataSet\LivDet Datasets\Normalized\test\live\2009_Biometrika_101_17_2.tif,2009_Biometrika_101_17_2.tif,test,live,0,2009,Biometrika,live,test,816b119398b57e5a403ec8b6108f624c4478fef07fc405515bae6032d827d0aa
2,D:\Projects\University\Final year Resarch project\DataSet\LivDet Datasets\Normalized\test\live\2009_Biometrika_81_10_2.tif,2009_Biometrika_81_10_2.tif,test,live,0,2009,Biometrika,live,test,9d7d58e519c2e3a1f3d9f5d9ed282a2313ef9850270079f4c7f0a310eae76f0e
3,D:\Projects\University\Final year Resarch project\DataSet\LivDet Datasets\Normalized\test\spoof\2009_Biometrika_Silicone_43_17_2.tif,2009_Biometrika_Silicone_43_17_2.tif,test,spoof,1,2009,Biometrika,Silicone,test,192518785da0d1440c7fab3cdde17810a0deea9f0b6edeb184dad7017d15842a
4,D:\Projects\University\Final year Resarch project\DataSet\LivDet Datasets\Normalized\test\spoof\2009_Biometrika_Silicone_72_3_1.tif,2009_Biometrika_Silicone_72_3_1.tif,test,spoof,1,2009,Biometrika,Silicone,test,1f6a07d25485999669276be9d454f6490fe3a3e9756389f0c16b7b8c7d86f203
5,D:\Projects\University\Final year Resarch project\DataSet\LivDet Datasets\Normalized\test\live\2011_Biometrika_120_1.png,2011_Biometrika_120_1.png,test,live,0,2011,Biometrika,live,test,10886d416526f7abffc7e70a40aff9daaf16e93b2edffa6187f48efc1079d94f
6,D:\Projects\University\Final year Resarch project\DataSet\LivDet Datasets\Normalized\test\live\2011_Biometrika_124_1.png,2011_Biometrika_124_1.png,test,live,0,2011,Biometrika,live,test,b76ffc80f72168a499d2a88152b8de56938236b2200a61fcdae7197deaabe73c
7,D:\Projects\University\Final year Resarch project\DataSet\LivDet Datasets\Normalized\test\spoof\2011_Biometrika_Ecoflex_49_3.png,2011_Biometrika_Ecoflex_49_3.png,test,spoof,1,2011,Biometrika,Ecoflex,test,3d711f7159a0553400e5f7de77d5b6eb4c7e489e781e7705fb431155e714bd83
8,D:\Projects\University\Final year Resarch project\DataSet\LivDet Datasets\Normalized\test\spoof\2011_Biometrika_Latex_65_9.png,2011_Biometrika_Latex_65_9.png,test,spoof,1,2011,Biometrika,Latex,test,ae12513b32fa2f29de42fecaa25304fee52be1cab96ab191203ce4cc4478e5b9
9,D:\Projects\University\Final year Resarch project\DataSet\LivDet Datasets\Normalized\test\live\2011_Digital_5279026_2_20100412152700_R2_4_FG04_01_Li.bmp,2011_Digital_5279026_2_20100412152700_R2_4_FG04_01_Li.bmp,test,live,0,2011,Digital,live,test,f7ef806837952c3ac5ac294846413271177159c2ff295e3a820f55e64ad19f8e
10,D:\Projects\University\Final year Resarch project\DataSet\LivDet Datasets\Normalized\test\live\2011_Digital_5566243_20110310185322_R1_2_FG04_01_Li.bmp,2011_Digital_5566243_20110310185322_R1_2_FG04_01_Li.bmp,test,live,0,2011,Digital,live,test,d16247ef8ed70682f0b921f9d30104ea8dfc01be781991652c54cd53ca18422d
11,D:\Projects\University\Final year Resarch project\DataSet\LivDet Datasets\Normalized\test\spoof\2011_Digital_Gelatin_7352657_20090120084142_R1_1_FG04_01_03.bmp,2011_Digital_Gelatin_7352657_20090120084142_R1_1_FG04_01_03.bmp,test,spoof,1,2011,Digital,Gelatin,test,6a28d9cf06ec9f06418b5908ed1938591d92e4bd7657f7897bc4d3ce194f28df
12,D:\Projects\University\Final year Resarch project\DataSet\LivDet Datasets\Normalized\test\spoof\2011_Digital_Latex_3314152_20090303092756_R1_1_FG04_01_05.bmp,2011_Digital_Latex_3314152_20090303092756_R1_1_FG04_01_05.bmp,test,spoof,1,2011,Digital,Latex,test,516dac995ee202bf69f5f65a7eb49d9b7a0fd0878c3d19612b8490d6deae2ba7
13,D:\Projects\University\Final year Resarch project\DataSet\LivDet Datasets\Normalized\test\live\2011_Italdata_177_4.png,2011_Italdata_177_4.png,test,live,0,2011,Italdata,live,test,65d3978a20698613bb2ca96054cb6d7f3a66d2491042b66cca00858f4823e254
14,D:\Projects\University\Final year Resarch project\DataSet\LivDet Datasets\Normalized\test\live\2011_Italdata_194_5.png,2011_Italdata_194_5.png,test,live,0,2011,Italdata,live,test,c3d01b9bad58eec37131d460efaa7624b5ae62090a781aa089d503deabd122d7
15,D:\Projects\University\Final year Resarch project\DataSet\LivDet Datasets\Normalized\test\spoof\2011_Italdata_Latex_156_2.png,2011_Italdata_Latex_156_2.png,test,spoof,1,2011,Italdata,Latex,test,6fa0c5d7e80ddd437b437acd04604ec119d8fe9849477a5b822f81ba3742129e
16,D:\Projects\University\Final year Resarch project\DataSet\LivDet Datasets\Normalized\test\spoof\2011_Italdata_Silgum_147_2.png,2011_Italdata_Silgum_147_2.png,test,spoof,1,2011,Italdata,Silgum,test,75b4817e3c0c81d933e820f1e106107ad136c7fdc0f8fcc64e97a8bf5237bdc2
17,D:\Projects\University\Final year Resarch project\DataSet\LivDet Datasets\Normalized\test\live\2011_Sagem_4812934_20101109090812_Enroll_R2_3_FG08_01_Li.bmp,2011_Sagem_4812934_20101109090812_Enroll_R2_3_FG08_01_Li.bmp,test,live,0,2011,Sagem,live,test,4fb0974bf698bf53cbc3ce3e4a53fb456a80d577909306fb86457af08fe5c3d8
18,D:\Projects\University\Final year Resarch project\DataSet\LivDet Datasets\Normalized\test\live\2011_Sagem_5138160_20100331113246_Enroll_R2_1_FG12_01_Li.bmp,2011_Sagem_5138160_20100331113246_Enroll_R2_1_FG12_01_Li.bmp,test,live,0,2011,Sagem,live,test,ee83723cd9961a4ea92023d5b833f8bde48eade40939b2a721a030eb511ddde8
19,D:\Projects\University\Final year Resarch project\DataSet\LivDet Datasets\Normalized\test\spoof\2011_Sagem_Latex_5138160_20110310151954_R1_5_FG08_01_05.bmp,2011_Sagem_Latex_5138160_20110310151954_R1_5_FG08_01_05.bmp,test,spoof,1,2011,Sagem,Latex,test,bbbaabf25972acd749c0bc7ca397fd1f353e53c9d4f57ebf9ca68a291a558c8d
20,D:\Projects\University\Final year Resarch project\DataSet\LivDet Datasets\Normalized\test\spoof\2011_Sagem_WoodGlue_7676347_20110331160320_R1_8_FG08_01_06.bmp,2011_Sagem_WoodGlue_7676347_20110331160320_R1_8_FG08_01_06.bmp,test,spoof,1,2011,Sagem,WoodGlue,test,7bf6ab8a17055ca5928420f1653e34f815272fe5c88d852424d6962396605635
21,D:\Projects\University\Final year Resarch project\DataSet\LivDet Datasets\Normalized\test\live\2013_Biometrika_006TRidxBmk.png,2013_Biometrika_006TRidxBmk.png,test,live,0,2013,Biometrika,live,test,ee5a46953fd21fc7aaf2a0341ccb8a362d9e0ca0b6a48412fbc036b9b5714643
22,D:\Projects\University\Final year Resarch project\DataSet\LivDet Datasets\Normalized\test\live\2013_Biometrika_017.1TlpLmdlBmk.png,2013_Biometrika_017.1TlpLmdlBmk.png,test,live,0,2013,Biometrika,live,test,2db7a1804f6e832ad7d06c49060d7682ba5f6abb363d3071195a956df36b7ca1
23,D:\Projects\University\Final year Resarch project\DataSet\LivDet Datasets\Normalized\test\spoof\2013_Biometrika_Ecoflex_017.1TrrRltlBmk.png,2013_Biometrika_Ecoflex_017.1TrrRltlBmk.png,test,spoof,1,2013,Biometrika,Ecoflex,test,e00465e8c91f080bf536c93c1d327cc4d6e0acb63aa581ae8cd7852b17877e03
24,D:\Projects\University\Final year Resarch project\DataSet\LivDet Datasets\Normalized\test\spoof\2013_Biometrika_Modasil_012.1TrrLidxBmk.png,2013_Biometrika_Modasil_012.1TrrLidxBmk.png,test,spoof,1,2013,Biometrika,Modasil,test,721a0aa9cf53151abdd79ce3d2bcf11e4d3776dd85dc603900459ff892d3b739
25,D:\Projects\University\Final year Resarch project\DataSet\LivDet Datasets\Normalized\test\live\2013_CrossMatch_6061610_R1_2.bmp,2013_CrossMatch_6061610_R1_2.bmp,test,live,0,2013,CrossMatch,live,test,36ac9b7ab94ee30adb47623dc446e29ccc48f9853d6b637891e5e3a3785e2a7a
26,D:\Projects\University\Final year Resarch project\DataSet\LivDet Datasets\Normalized\test\live\2013_CrossMatch_8664083_R4_1.bmp,2013_CrossMatch_8664083_R4_1.bmp,test,live,0,2013,CrossMatch,live,test,ba6bbd037645ebf1567aa2f10f4f3c814d185356e0b97dd5a887ab148f5fc8fd
27,D:\Projects\University\Final year Resarch project\DataSet\LivDet Datasets\Normalized\test\spoof\2013_CrossMatch_Latex_1369711_R3_3.bmp,2013_CrossMatch_Latex_1369711_R3_3.bmp,test,spoof,1,2013,CrossMatch,Latex,test,93efb6bf9212b7b7b0aa2729d49b9a8d92e16b57ccd9bc5d78621272e9b9f7e9
28,D:\Projects\University\Final year Resarch project\DataSet\LivDet Datasets\Normalized\test\spoof\2013_CrossMatch_Latex_2959112_R4_4.bmp,2013_CrossMatch_Latex_2959112_R4_4.bmp,test,spoof,1,2013,CrossMatch,Latex,test,880da0a675fd450fcc179ada0735181e29a78e8bd27dbba79d95032066c578e8
29,D:\Projects\University\Final year Resarch project\DataSet\LivDet Datasets\Normalized\test\live\2013_Italdata_012ThpRrngItd.png,2013_Italdata_012ThpRrngItd.png,test,live,0,2013,Italdata,live,test,ffd9bc64f7c3ed579b7285bdcb8fb1f9347314e22b152a901f38d7ffedf7910e
30,D:\Projects\University\Final year Resarch project\DataSet\LivDet Datasets\Normalized\test\live\2013_Italdata_020TlpLltlItd.png,2013_Italdata_020TlpLltlItd.png,test,live,0,2013,Italdata,live,test,d0d26f76ed0084d7cfa174982ec599dbd511b2121a08d8c702d588e8821080ba
31,D:\Projects\University\Final year Resarch project\DataSet\LivDet Datasets\Normalized\test\spoof\2013_Italdata_WoodGlue_012.3TrrLidxItd.png,2013_Italdata_WoodGlue_012.3TrrLidxItd.png,test,spoof,1,2013,Italdata,WoodGlue,test,a60db635db507b1cc7316526ace64034404ce00f96fc0fae054192fb1baa53ca
32,D:\Projects\University\Final year Resarch project\DataSet\LivDet Datasets\Normalized\test\spoof\2013_Italdata_WoodGlue_017.1TrrLltlItd.png,2013_Italdata_WoodGlue_017.1TrrLltlItd.png,test,spoof,1,2013,Italdata,WoodGlue,test,4ef43deec6e848442d2a94cab90e58d73b0cc5b7108989084d8baea249c2cef8
33,D:\Projects\University\Final year Resarch project\DataSet\LivDet Datasets\Normalized\test\live\2013_Swipe_5508478_R1_3.bmp,2013_Swipe_5508478_R1_3.bmp,test,live,0,2013,Swipe,live,test,03c724f93be44f17691054f0565e39d5c517a5aa50632d9f9d6baf36ac3e691d
34,D:\Projects\University\Final year Resarch project\DataSet\LivDet Datasets\Normalized\test\live\2013_Swipe_7926103_R4_4.bmp,2013_Swipe_7926103_R4_4.bmp,test,live,0,2013,Swipe,live,test,aa82434e1b695cc0aef89c9b5bbc01526320d23309b37ebc6fa6670cfc8e8ae4
35,D:\Projects\University\Final year Resarch project\DataSet\LivDet Datasets\Normalized\test\spoof\2013_Swipe_Playdoh_1369711_R5_2.bmp,2013_Swipe_Playdoh_1369711_R5_2.bmp,test,spoof,1,2013,Swipe,Playdoh,test,83bee15910ebcfcb4082fcd9a07b33ed9d6a9f1c1dd241a4d375604e0dcbf8c5
36,D:\Projects\University\Final year Resarch project\DataSet\LivDet Datasets\Normalized\test\spoof\2013_Swipe_WoodGlue_7612608_R3_4.bmp,2013_Swipe_WoodGlue_7612608_R3_4.bmp,test,spoof,1,2013,Swipe,WoodGlue,test,bd362d1cd8094e8cd0d371f6d9f2334d1935ad7731217f98d1d38700bf118f4b
37,D:\Projects\University\Final year Resarch project\DataSet\LivDet Datasets\Normalized\test\live\2015_CrossMatch_5489965_R4_2.bmp,2015_CrossMatch_5489965_R4_2.bmp,test,live,0,2015,CrossMatch,live,test,4840203843d75c9769c4340436bf3d923e5fbf1521108e2aa40807bd8ea68ea5
38,D:\Projects\University\Final year Resarch project\DataSet\LivDet Datasets\Normalized\test\live\2015_CrossMatch_7496116_L1_3.bmp,2015_CrossMatch_7496116_L1_3.bmp,test,live,0,2015,CrossMatch,live,test,3506da350cfd2dff97c92f1cf66c49fd2ca87569590039955d4ac37f251ab39e
39,D:\Projects\University\Final year Resarch project\DataSet\LivDet Datasets\Normalized\test\spoof\2015_CrossMatch_Ecoflex_2206641_R4_3.bmp,2015_CrossMatch_Ecoflex_2206641_R4_3.bmp,test,spoof,1,2015,CrossMatch,Ecoflex,test,e6a72c69087d4bb016e6296c8b6544336128a496870019bb3dcb4030a389f2a4
40,D:\Projects\University\Final year Resarch project\DataSet\LivDet Datasets\Normalized\test\spoof\2015_CrossMatch_OOMOO_9460869_R3_3.bmp,2015_CrossMatch_OOMOO_9460869_R3_3.bmp,test,spoof,1,2015,CrossMatch,OOMOO,test,44dc9fc3ee162435846ca30d77d53616fb27cd2d63743a64ce8c4c90d0345e86
41,D:\Projects\University\Final year Resarch project\DataSet\LivDet Datasets\Normalized\test\live\2015_Digital_Persona_023_6_5.png,2015_Digital_Persona_023_6_5.png,test,live,0,2015,DigitalPersona,live,test,764b62feeffd7cf25a4a5b68d3dc5c231fddb2af4ef3e29150c7fc3f2472d0e5
42,D:\Projects\University\Final year Resarch project\DataSet\LivDet Datasets\Normalized\test\live\2015_Digital_Persona_024_5_1.png,2015_Digital_Persona_024_5_1.png,test,live,0,2015,DigitalPersona,live,test,1ccfb1bae03bf334b7d105a4fc2530117de46c6a309755d8da6f2d663385bb12
43,D:\Projects\University\Final year Resarch project\DataSet\LivDet Datasets\Normalized\test\spoof\2015_Digital_Persona_Ecoflex_016_1_4.png,2015_Digital_Persona_Ecoflex_016_1_4.png,test,spoof,1,2015,DigitalPersona,Ecoflex,test,635e91e0dc7d519d6a30e69d2cce2a6e36ed2879ace57069bbe2d5160bff5a22
44,D:\Projects\University\Final year Resarch project\DataSet\LivDet Datasets\Normalized\test\spoof\2015_Digital_Persona_Latex_009_9_9.png,2015_Digital_Persona_Latex_009_9_9.png,test,spoof,1,2015,DigitalPersona,Latex,test,033e37fed6a86e56a9f81ce26b2751a2025b7d1a991f1f67d42d6321dffa1fe9
45,D:\Projects\University\Final year Resarch project\DataSet\LivDet Datasets\Normalized\test\live\2015_GreenBit_024_6_7.png,2015_GreenBit_024_6_7.png,test,live,0,2015,GreenBit,live,test,b5c5b8e6c5dd00f4d4df2e5f9cd29f3ffc90948da8f96bba87251e66b73b9d45
46,D:\Projects\University\Final year Resarch project\DataSet\LivDet Datasets\Normalized\test\live\2015_GreenBit_024_8_5.png,2015_GreenBit_024_8_5.png,test,live,0,2015,GreenBit,live,test,854b4723e2a6fe3a11075cd9e1a20258063927fd1294b30f509cdbdf215bb81e
47,D:\Projects\University\Final year Resarch project\DataSet\LivDet Datasets\Normalized\test\spoof\2015_GreenBit_Gelatin_009_3_4.png,2015_GreenBit_Gelatin_009_3_4.png,test,spoof,1,2015,GreenBit,Gelatin,test,728cbc9fa9aff03cdf5ca8d685a662f6d76edc26a9d7ef53982a071fdd7ffa86
48,D:\Projects\University\Final year Resarch project\DataSet\LivDet Datasets\Normalized\test\spoof\2015_GreenBit_Latex_004_0_0.png,2015_GreenBit_Latex_004_0_0.png,test,spoof,1,2015,GreenBit,Latex,test,ece89e2545c2020d34bdd8c44abf55424edf53555978fa9b4ea3d0226b718272
49,D:\Projects\University\Final year Resarch project\DataSet\LivDet Datasets\Normalized\test\live\2015_Hi_Scan_006_1_0.bmp,2015_Hi_Scan_006_1_0.bmp,test,live,0,2015,HiScan,live,test,ffaac1c183d20066d70c3560cafb3e6d28ea966dffbaaa954f40f314e64c02dd
50,D:\Projects\University\Final year Resarch project\DataSet\LivDet Datasets\Normalized\test\live\2015_Hi_Scan_013_6_3.bmp,2015_Hi_Scan_013_6_3.bmp,test,live,0,2015,HiScan,live,test,b42d92617ff02dc8ce9e859dc2f17e928ccb47a86a83876f3164de4f73ba5991
51,D:\Projects\University\Final year Resarch project\DataSet\LivDet Datasets\Normalized\test\spoof\2015_Hi_Scan_Gelatin_007_0_0.bmp,2015_Hi_Scan_Gelatin_007_0_0.bmp,test,spoof,1,2015,HiScan,Gelatin,test,7246f8516cf77caf1a8c4adfe776596eedeb19dfed0de4d56497b5d62d28c2d0
52,D:\Projects\University\Final year Resarch project\DataSet\LivDet Datasets\Normalized\test\spoof\2015_Hi_Scan_LiquidEcoflex_018_2_9.bmp,2015_Hi_Scan_LiquidEcoflex_018_2_9.bmp,test,spoof,1,2015,HiScan,LiquidEcoflex,test,edbc846076ed27243edc3dddae13ea9746c5f9281c69a1c60ea5173c304ed1bf
