idx,filename,true_label,sensor,material,method,deletion_auc,insertion_auc,sparsity,compute_ms
1,2009_Biometrika_Silicone_73_6_1.tif,spoof,Biometrika,Silicone,gradcam,0.999960726163458,0.9999899832228183,0.28671077806122447,389
1,2009_Biometrika_Silicone_73_6_1.tif,spoof,Biometrika,Silicone,shap,0.5177301796112334,0.39301062772342105,0.9435985331632653,40372
1,2009_Biometrika_Silicone_73_6_1.tif,spoof,Biometrika,Silicone,lime,0.974110181190221,0.9999890117345889,0.09117904974489796,23838
2,2015_CrossMatch_6517898_R3_1.bmp,live,CrossMatch,live,gradcam,0.22017643894797204,0.5463165510162861,0.8175422512755102,127
2,2015_CrossMatch_6517898_R3_1.bmp,live,CrossMatch,live,shap,0.9600838500744197,0.8769035225480468,0.9240672831632653,31214
2,2015_CrossMatch_6517898_R3_1.bmp,live,CrossMatch,live,lime,0.07493213329881779,0.025002497292338995,0.0,18098
3,2013_Italdata_Modasil_004.2TrrLrngItd.png,spoof,Italdata,Modasil,gradcam,0.9990861253052968,0.9999888502868758,0.5362723214285714,141
3,2013_Italdata_Modasil_004.2TrrLrngItd.png,spoof,Italdata,Modasil,shap,0.41497868158786205,0.4847635245797688,0.9020647321428571,30290
3,2013_Italdata_Modasil_004.2TrrLrngItd.png,spoof,Italdata,Modasil,lime,0.5839362893536499,0.7349323510816792,1.0,17973
4,2011_Digital_8353861_2_20110310185054_R1_1_FG04_01_Li.bmp,live,Digital,live,gradcam,0.34686249027453503,0.44475316540652904,0.8201729910714286,120
4,2011_Digital_8353861_2_20110310185054_R1_1_FG04_01_Li.bmp,live,Digital,live,shap,0.9822163086920733,0.9737190421087963,0.8170838647959183,30459
4,2011_Digital_8353861_2_20110310185054_R1_1_FG04_01_Li.bmp,live,Digital,live,lime,0.37137346916541547,0.6658755600985224,0.38197544642857145,18698
5,2011_Sagem_Playdoh_7836431_20110331170710_R1_5_FG08_01_01.bmp,spoof,Sagem,Playdoh,gradcam,0.9996102659172271,0.9999782235213663,0.28872369260204084,151
5,2011_Sagem_Playdoh_7836431_20110331170710_R1_5_FG08_01_01.bmp,spoof,Sagem,Playdoh,shap,0.17979827692317582,0.19918881515790585,0.8615274234693877,30845
5,2011_Sagem_Playdoh_7836431_20110331170710_R1_5_FG08_01_01.bmp,spoof,Sagem,Playdoh,lime,0.9995984934147474,0.9999897133603249,0.11146763392857142,18151
6,2011_Italdata_14_4.png,live,Italdata,live,gradcam,0.14255416046577774,0.37987798054988725,0.9071069834183674,121
6,2011_Italdata_14_4.png,live,Italdata,live,shap,0.5490171521268711,0.916271318338096,0.9073062818877551,30514
6,2011_Italdata_14_4.png,live,Italdata,live,lime,0.0340480227982306,0.0263940653026231,0.0,18144
7,2015_CrossMatch_OOMOO_7044863_R2_3.bmp,spoof,CrossMatch,OOMOO,gradcam,0.9398799424785442,0.9708017385157398,0.7592673788265306,124
7,2015_CrossMatch_OOMOO_7044863_R2_3.bmp,spoof,CrossMatch,OOMOO,shap,0.1901713724855681,0.3332441129750889,0.8747010522959183,30986
7,2015_CrossMatch_OOMOO_7044863_R2_3.bmp,spoof,CrossMatch,OOMOO,lime,0.9916540964886964,0.9772544680616397,0.017697704081632654,18490
8,2015_GreenBit_020_0_9.png,live,GreenBit,live,gradcam,0.2863953921041153,0.27173230133629833,0.6943558673469388,119
8,2015_GreenBit_020_0_9.png,live,GreenBit,live,shap,0.9664490220869731,0.9463256561768858,0.9777582908163265,30483
8,2015_GreenBit_020_0_9.png,live,GreenBit,live,lime,0.11214411594276583,0.17114325941180353,0.0,18182
9,2015_GreenBit_030_1_9.png,live,GreenBit,live,gradcam,0.31114638400445654,0.03908764341877226,0.530632174744898,134
9,2015_GreenBit_030_1_9.png,live,GreenBit,live,shap,0.6015688070540838,0.9203145627056741,0.9171316964285714,31596
9,2015_GreenBit_030_1_9.png,live,GreenBit,live,lime,0.08290387415254089,0.07252013417546585,0.0,18458
10,2015_Hi_Scan_RTV_004_1_5.bmp,spoof,HiScan,RTV,gradcam,0.999630117579453,0.9999997179150031,0.6299226721938775,124
10,2015_Hi_Scan_RTV_004_1_5.bmp,spoof,HiScan,RTV,shap,0.2930131239931435,0.3911672683609096,0.9351682079081632,31069
10,2015_Hi_Scan_RTV_004_1_5.bmp,spoof,HiScan,RTV,lime,0.40821545804356807,0.30394368283265,1.0,18513
